-- phpMyAdmin SQL Dump
-- version 5.0.2
-- https://www.phpmyadmin.net/
--
-- Host: 127.0.0.1
-- Generation Time: Jun 27, 2021 at 04:30 PM
-- Server version: 10.4.14-MariaDB
-- PHP Version: 7.4.10

SET SQL_MODE = "NO_AUTO_VALUE_ON_ZERO";
START TRANSACTION;
SET time_zone = "+00:00";


/*!40101 SET @OLD_CHARACTER_SET_CLIENT=@@CHARACTER_SET_CLIENT */;
/*!40101 SET @OLD_CHARACTER_SET_RESULTS=@@CHARACTER_SET_RESULTS */;
/*!40101 SET @OLD_COLLATION_CONNECTION=@@COLLATION_CONNECTION */;
/*!40101 SET NAMES utf8mb4 */;

--
-- Database: `tokokita_1405`
--

-- --------------------------------------------------------

--
-- Table structure for table `tbl_admin`
--

CREATE TABLE `tbl_admin` (
  `idAdmin` int(2) NOT NULL,
  `userName` varchar(100) NOT NULL,
  `password` varchar(100) NOT NULL,
  `role_id` int(5) NOT NULL
) ENGINE=InnoDB DEFAULT CHARSET=utf8mb4;

--
-- Dumping data for table `tbl_admin`
--

INSERT INTO `tbl_admin` (`idAdmin`, `userName`, `password`, `role_id`) VALUES
(1, 'admin', '12345', 1),
(2, 'kacang', 'telur', 2);

-- --------------------------------------------------------

--
-- Table structure for table `tbl_biaya_kirim`
--

CREATE TABLE `tbl_biaya_kirim` (
  `idBiayaKirim` int(5) NOT NULL,
  `idKurir` int(3) NOT NULL,
  `idKotaAsal` int(4) NOT NULL,
  `idKotaTujuan` int(4) NOT NULL,
  `biaya` int(5) NOT NULL
) ENGINE=InnoDB DEFAULT CHARSET=utf8mb4;

--
-- Dumping data for table `tbl_biaya_kirim`
--

INSERT INTO `tbl_biaya_kirim` (`idBiayaKirim`, `idKurir`, `idKotaAsal`, `idKotaTujuan`, `biaya`) VALUES
(21, 1, 2, 6, 10000),
(24, 3, 2, 1, 15000),
(25, 2, 2, 6, 17000),
(26, 2, 2, 1, 15000),
(27, 3, 1, 6, 20000),
(28, 3, 6, 1, 10000),
(29, 1, 1, 2, 30000),
(30, 1, 1, 12, 10000);

-- --------------------------------------------------------

--
-- Table structure for table `tbl_detail_order`
--

CREATE TABLE `tbl_detail_order` (
  `idDetailOrder` int(10) NOT NULL,
  `idOrder` int(5) NOT NULL,
  `idProduk` int(5) NOT NULL,
  `jumlah` int(5) NOT NULL,
  `harga` int(10) NOT NULL
) ENGINE=InnoDB DEFAULT CHARSET=utf8mb4;

-- --------------------------------------------------------

--
-- Table structure for table `tbl_kategori`
--

CREATE TABLE `tbl_kategori` (
  `idKat` int(5) NOT NULL,
  `namaKat` varchar(30) NOT NULL
) ENGINE=InnoDB DEFAULT CHARSET=utf8mb4;

--
-- Dumping data for table `tbl_kategori`
--

INSERT INTO `tbl_kategori` (`idKat`, `namaKat`) VALUES
(1, 'Baju'),
(5, 'Celana'),
(7, 'Jaket'),
(8, 'pakaian'),
(14, 'Hardware');

-- --------------------------------------------------------

--
-- Table structure for table `tbl_konfirmasi`
--

CREATE TABLE `tbl_konfirmasi` (
  `idKonfirmasi` int(5) NOT NULL,
  `idOrder` int(5) NOT NULL,
  `buktiTransfer` varchar(100) NOT NULL,
  `validasi` enum('Y','N') NOT NULL
) ENGINE=InnoDB DEFAULT CHARSET=utf8mb4;

-- --------------------------------------------------------

--
-- Table structure for table `tbl_kota`
--

CREATE TABLE `tbl_kota` (
  `idKota` int(4) NOT NULL,
  `namaKota` varchar(100) NOT NULL
) ENGINE=InnoDB DEFAULT CHARSET=utf8mb4;

--
-- Dumping data for table `tbl_kota`
--

INSERT INTO `tbl_kota` (`idKota`, `namaKota`) VALUES
(1, 'Yogyakarata'),
(2, 'Ngawi'),
(6, 'Madiun'),
(12, 'Sleman');

-- --------------------------------------------------------

--
-- Table structure for table `tbl_kurir`
--

CREATE TABLE `tbl_kurir` (
  `idKurir` int(2) NOT NULL,
  `namaKurir` varchar(100) NOT NULL
) ENGINE=InnoDB DEFAULT CHARSET=utf8mb4;

--
-- Dumping data for table `tbl_kurir`
--

INSERT INTO `tbl_kurir` (`idKurir`, `namaKurir`) VALUES
(1, 'JNE'),
(2, 'JNT'),
(3, 'Si Cepat');

-- --------------------------------------------------------

--
-- Table structure for table `tbl_member`
--

CREATE TABLE `tbl_member` (
  `idKonsumen` int(5) NOT NULL,
  `username` varchar(100) NOT NULL,
  `password` varchar(100) NOT NULL,
  `namaKonsumen` varchar(50) NOT NULL,
  `alamat` varchar(200) NOT NULL,
  `idKota` int(4) NOT NULL,
  `email` varchar(100) NOT NULL,
  `tlpn` int(20) NOT NULL,
  `statusAktif` enum('Y','N') NOT NULL
) ENGINE=InnoDB DEFAULT CHARSET=utf8mb4;

--
-- Dumping data for table `tbl_member`
--

INSERT INTO `tbl_member` (`idKonsumen`, `username`, `password`, `namaKonsumen`, `alamat`, `idKota`, `email`, `tlpn`, `statusAktif`) VALUES
(2, 'Ferry', 'password', 'Ferry', 'Ngawi', 2, 'ferry@gmail.com', 833333333, 'Y'),
(3, 'Malika', '54321', 'Malika', 'Yogyakarta', 1, 'malika@gmail.com', 833333334, 'Y'),
(4, 'Budi', '87654321', 'Budianto', 'Ngawi', 6, 'budianto@gmail.com', 2147483647, 'Y'),
(5, 'fakhruddin', '43214321', 'Fakhruddin', 'Madiun', 6, 'fakhruddin@gmail.com', 2147483647, 'Y'),
(10, 'Yunus', 'password', 'Yunus', 'Madiun', 6, 'yunus@gmail.com', 2147483647, 'Y');

-- --------------------------------------------------------

--
-- Table structure for table `tbl_order`
--

CREATE TABLE `tbl_order` (
  `idOrder` int(5) NOT NULL,
  `idKonsumen` int(5) NOT NULL,
  `tglOrder` date NOT NULL,
  `statusOrder` enum('Belum Bayar','Dikemas','Dikirim','Diterima','Selesai','Dibatalkan') NOT NULL
) ENGINE=InnoDB DEFAULT CHARSET=utf8mb4;

-- --------------------------------------------------------

--
-- Table structure for table `tbl_produk`
--

CREATE TABLE `tbl_produk` (
  `idProduk` int(5) NOT NULL,
  `idKat` int(5) NOT NULL,
  `idToko` int(5) NOT NULL,
  `namProduk` varchar(50) NOT NULL,
  `foto` varchar(100) NOT NULL,
  `harga` int(10) NOT NULL,
  `stok` int(5) NOT NULL,
  `berat` int(5) NOT NULL,
  `deskripsiProduk` text NOT NULL
) ENGINE=InnoDB DEFAULT CHARSET=utf8mb4;

--
-- Dumping data for table `tbl_produk`
--

INSERT INTO `tbl_produk` (`idProduk`, `idKat`, `idToko`, `namProduk`, `foto`, `harga`, `stok`, `berat`, `deskripsiProduk`) VALUES
(1, 1, 4, 'Celana Jeans ', 'Celana_coklak6.jpg', 60000, 8, 400, 'Celana Jeans '),
(12, 1, 4, 'Baju Muslim Pria', 'Baju_Muslim_Pria8.jpg', 80000, 10, 500, 'Baju Muslim Pria'),
(13, 7, 4, 'Jaket Pria', 'Jaket_Pria1.jpg', 60000, 5, 400, 'Jaket yang cocok untuk berolahraga'),
(15, 8, 4, 'Pakaian Muslim', 'Jubah_Gamis_Pria2.jpg', 160000, 5, 400, 'Pakaian Muslim'),
(17, 14, 4, 'Vga RTX 3060 TI', 'Vga.jpg', 20000000, 3, 3000, 'Vga RTX 3060 TI'),
(18, 14, 4, 'Procesor AMD Ryzen 7 5800X ', 'procie.jpg', 7250000, 3, 100, 'Procesor AMD Ryzen 7 5800X '),
(20, 5, 4, 'Celana ', 'Celana_coklak2.jpg', 140000, 5, 600, 'Celana Coklat'),
(21, 1, 4, 'Gigabyte B550M', 'mobo1.jpg', 1800000, 4, 500, 'Gigabyte B550M');

-- --------------------------------------------------------

--
-- Table structure for table `tbl_saldo`
--

CREATE TABLE `tbl_saldo` (
  `idSaldo` int(5) NOT NULL,
  `idToko` int(5) NOT NULL,
  `jumlah` int(10) NOT NULL,
  `tanggal` datetime NOT NULL
) ENGINE=InnoDB DEFAULT CHARSET=utf8mb4;

-- --------------------------------------------------------

--
-- Table structure for table `tbl_toko`
--

CREATE TABLE `tbl_toko` (
  `idToko` int(5) NOT NULL,
  `idKonsumen` int(5) NOT NULL,
  `namaToko` varchar(100) NOT NULL,
  `logo` varchar(100) NOT NULL,
  `deskripsi` text NOT NULL,
  `statusAktif` enum('Y','N') NOT NULL
) ENGINE=InnoDB DEFAULT CHARSET=utf8mb4;

--
-- Dumping data for table `tbl_toko`
--

INSERT INTO `tbl_toko` (`idToko`, `idKonsumen`, `namaToko`, `logo`, `deskripsi`, `statusAktif`) VALUES
(4, 2, 'Toko Bagus', '0_0.PNG', 'Toko', 'Y'),
(5, 2, 'kacang', '448.PNG', '123', 'Y');

--
-- Indexes for dumped tables
--

--
-- Indexes for table `tbl_admin`
--
ALTER TABLE `tbl_admin`
  ADD PRIMARY KEY (`idAdmin`);

--
-- Indexes for table `tbl_biaya_kirim`
--
ALTER TABLE `tbl_biaya_kirim`
  ADD PRIMARY KEY (`idBiayaKirim`),
  ADD KEY `idKurir` (`idKurir`),
  ADD KEY `idKotaAsal` (`idKotaAsal`),
  ADD KEY `idKotaTujuan` (`idKotaTujuan`);

--
-- Indexes for table `tbl_detail_order`
--
ALTER TABLE `tbl_detail_order`
  ADD PRIMARY KEY (`idDetailOrder`),
  ADD KEY `idProduk` (`idProduk`),
  ADD KEY `idOrder` (`idOrder`);

--
-- Indexes for table `tbl_kategori`
--
ALTER TABLE `tbl_kategori`
  ADD PRIMARY KEY (`idKat`);

--
-- Indexes for table `tbl_konfirmasi`
--
ALTER TABLE `tbl_konfirmasi`
  ADD PRIMARY KEY (`idKonfirmasi`),
  ADD KEY `idOrder` (`idOrder`);

--
-- Indexes for table `tbl_kota`
--
ALTER TABLE `tbl_kota`
  ADD PRIMARY KEY (`idKota`);

--
-- Indexes for table `tbl_kurir`
--
ALTER TABLE `tbl_kurir`
  ADD PRIMARY KEY (`idKurir`);

--
-- Indexes for table `tbl_member`
--
ALTER TABLE `tbl_member`
  ADD PRIMARY KEY (`idKonsumen`),
  ADD KEY `idKota` (`idKota`);

--
-- Indexes for table `tbl_order`
--
ALTER TABLE `tbl_order`
  ADD PRIMARY KEY (`idOrder`),
  ADD KEY `idKonsumen` (`idKonsumen`);

--
-- Indexes for table `tbl_produk`
--
ALTER TABLE `tbl_produk`
  ADD PRIMARY KEY (`idProduk`),
  ADD KEY `idToko` (`idToko`),
  ADD KEY `idKat` (`idKat`);

--
-- Indexes for table `tbl_saldo`
--
ALTER TABLE `tbl_saldo`
  ADD PRIMARY KEY (`idSaldo`),
  ADD KEY `idToko` (`idToko`);

--
-- Indexes for table `tbl_toko`
--
ALTER TABLE `tbl_toko`
  ADD PRIMARY KEY (`idToko`),
  ADD KEY `idKonsumen` (`idKonsumen`);

--
-- AUTO_INCREMENT for dumped tables
--

--
-- AUTO_INCREMENT for table `tbl_admin`
--
ALTER TABLE `tbl_admin`
  MODIFY `idAdmin` int(2) NOT NULL AUTO_INCREMENT, AUTO_INCREMENT=3;

--
-- AUTO_INCREMENT for table `tbl_biaya_kirim`
--
ALTER TABLE `tbl_biaya_kirim`
  MODIFY `idBiayaKirim` int(5) NOT NULL AUTO_INCREMENT, AUTO_INCREMENT=31;

--
-- AUTO_INCREMENT for table `tbl_detail_order`
--
ALTER TABLE `tbl_detail_order`
  MODIFY `idDetailOrder` int(10) NOT NULL AUTO_INCREMENT;

--
-- AUTO_INCREMENT for table `tbl_kategori`
--
ALTER TABLE `tbl_kategori`
  MODIFY `idKat` int(5) NOT NULL AUTO_INCREMENT, AUTO_INCREMENT=15;

--
-- AUTO_INCREMENT for table `tbl_konfirmasi`
--
ALTER TABLE `tbl_konfirmasi`
  MODIFY `idKonfirmasi` int(5) NOT NULL AUTO_INCREMENT;

--
-- AUTO_INCREMENT for table `tbl_kota`
--
ALTER TABLE `tbl_kota`
  MODIFY `idKota` int(4) NOT NULL AUTO_INCREMENT, AUTO_INCREMENT=15;

--
-- AUTO_INCREMENT for table `tbl_kurir`
--
ALTER TABLE `tbl_kurir`
  MODIFY `idKurir` int(2) NOT NULL AUTO_INCREMENT, AUTO_INCREMENT=11;

--
-- AUTO_INCREMENT for table `tbl_member`
--
ALTER TABLE `tbl_member`
  MODIFY `idKonsumen` int(5) NOT NULL AUTO_INCREMENT, AUTO_INCREMENT=11;

--
-- AUTO_INCREMENT for table `tbl_order`
--
ALTER TABLE `tbl_order`
  MODIFY `idOrder` int(5) NOT NULL AUTO_INCREMENT;

--
-- AUTO_INCREMENT for table `tbl_produk`
--
ALTER TABLE `tbl_produk`
  MODIFY `idProduk` int(5) NOT NULL AUTO_INCREMENT, AUTO_INCREMENT=23;

--
-- AUTO_INCREMENT for table `tbl_saldo`
--
ALTER TABLE `tbl_saldo`
  MODIFY `idSaldo` int(5) NOT NULL AUTO_INCREMENT;

--
-- AUTO_INCREMENT for table `tbl_toko`
--
ALTER TABLE `tbl_toko`
  MODIFY `idToko` int(5) NOT NULL AUTO_INCREMENT, AUTO_INCREMENT=6;

--
-- Constraints for dumped tables
--

--
-- Constraints for table `tbl_biaya_kirim`
--
ALTER TABLE `tbl_biaya_kirim`
  ADD CONSTRAINT `tbl_biaya_kirim_ibfk_1` FOREIGN KEY (`idKurir`) REFERENCES `tbl_kurir` (`idKurir`) ON DELETE NO ACTION ON UPDATE CASCADE,
  ADD CONSTRAINT `tbl_biaya_kirim_ibfk_2` FOREIGN KEY (`idKotaAsal`) REFERENCES `tbl_kota` (`idKota`) ON DELETE NO ACTION ON UPDATE CASCADE,
  ADD CONSTRAINT `tbl_biaya_kirim_ibfk_3` FOREIGN KEY (`idKotaTujuan`) REFERENCES `tbl_kota` (`idKota`) ON DELETE NO ACTION ON UPDATE CASCADE;

--
-- Constraints for table `tbl_detail_order`
--
ALTER TABLE `tbl_detail_order`
  ADD CONSTRAINT `tbl_detail_order_ibfk_1` FOREIGN KEY (`idOrder`) REFERENCES `tbl_order` (`idOrder`),
  ADD CONSTRAINT `tbl_detail_order_ibfk_2` FOREIGN KEY (`idProduk`) REFERENCES `tbl_produk` (`idProduk`),
  ADD CONSTRAINT `tbl_detail_order_ibfk_3` FOREIGN KEY (`idOrder`) REFERENCES `tbl_order` (`idOrder`);

--
-- Constraints for table `tbl_konfirmasi`
--
ALTER TABLE `tbl_konfirmasi`
  ADD CONSTRAINT `tbl_konfirmasi_ibfk_1` FOREIGN KEY (`idOrder`) REFERENCES `tbl_order` (`idOrder`);

--
-- Constraints for table `tbl_member`
--
ALTER TABLE `tbl_member`
  ADD CONSTRAINT `tbl_member_ibfk_1` FOREIGN KEY (`idKota`) REFERENCES `tbl_kota` (`idKota`);

--
-- Constraints for table `tbl_order`
--
ALTER TABLE `tbl_order`
  ADD CONSTRAINT `tbl_order_ibfk_1` FOREIGN KEY (`idKonsumen`) REFERENCES `tbl_member` (`idKonsumen`);

--
-- Constraints for table `tbl_produk`
--
ALTER TABLE `tbl_produk`
  ADD CONSTRAINT `tbl_produk_ibfk_3` FOREIGN KEY (`idKat`) REFERENCES `tbl_kategori` (`idKat`),
  ADD CONSTRAINT `tbl_produk_ibfk_4` FOREIGN KEY (`idToko`) REFERENCES `tbl_toko` (`idToko`);

--
-- Constraints for table `tbl_saldo`
--
ALTER TABLE `tbl_saldo`
  ADD CONSTRAINT `tbl_saldo_ibfk_1` FOREIGN KEY (`idToko`) REFERENCES `tbl_toko` (`idToko`);

--
-- Constraints for table `tbl_toko`
--
ALTER TABLE `tbl_toko`
  ADD CONSTRAINT `tbl_toko_ibfk_1` FOREIGN KEY (`idKonsumen`) REFERENCES `tbl_member` (`idKonsumen`);
COMMIT;

/*!40101 SET CHARACTER_SET_CLIENT=@OLD_CHARACTER_SET_CLIENT */;
/*!40101 SET CHARACTER_SET_RESULTS=@OLD_CHARACTER_SET_RESULTS */;
/*!40101 SET COLLATION_CONNECTION=@OLD_COLLATION_CONNECTION */;
